{
	"info": {
		"_postman_id": "37493034-9ad3-4de2-90a2-27c7f7951f4c",
		"name": "BIBLIOTECA-REQUEST",
		"schema": "https://schema.getpostman.com/json/collection/v2.1.0/collection.json",
		"_exporter_id": "3644261"
	},
	"item": [
		{
			"name": "autores.incluir",
			"request": {
				"method": "POST",
				"header": [],
				"body": {
					"mode": "raw",
					"raw": "{\r\n    \"codigo\": null,\r\n    \"nombre\": \"Mirtha Torres\"\r\n}",
					"options": {
						"raw": {
							"language": "json"
						}
					}
				},
				"url": {
					"raw": "http://localhost:8080/Biblioteca-web/rest/autor/incluir",
					"protocol": "http",
					"host": [
						"localhost"
					],
					"port": "8080",
					"path": [
						"Biblioteca-web",
						"rest",
						"autor",
						"incluir"
					]
				}
			},
			"response": []
		},
		{
			"name": "autores.consultar",
			"request": {
				"method": "GET",
				"header": [],
				"url": {
					"raw": ""
				}
			},
			"response": []
		},
		{
			"name": "autores.buscarNombre",
			"request": {
				"method": "GET",
				"header": []
			},
			"response": []
		},
		{
			"name": "autores.eliminar",
			"request": {
				"method": "DELETE",
				"header": [],
				"url": {
					"raw": "http://localhost:8080/Biblioteca-web/rest/autor/eliminar/3",
					"protocol": "http",
					"host": [
						"localhost"
					],
					"port": "8080",
					"path": [
						"Biblioteca-web",
						"rest",
						"autor",
						"eliminar",
						"3"
					]
				}
			},
			"response": []
		},
		{
			"name": "autores.editar",
			"request": {
				"method": "POST",
				"header": [],
				"body": {
					"mode": "raw",
					"raw": "{\r\n    \"codigo\": null,\r\n    \"nombre\": \"Serena Torres\"\r\n}",
					"options": {
						"raw": {
							"language": "json"
						}
					}
				},
				"url": {
					"raw": "http://localhost:8080/Biblioteca-web/rest/autor/editar",
					"protocol": "http",
					"host": [
						"localhost"
					],
					"port": "8080",
					"path": [
						"Biblioteca-web",
						"rest",
						"autor",
						"editar"
					]
				}
			},
			"response": []
		}
	]
}